{"cameraMode":{"drawMode":0,"name":"Shaded","section":"Shading Mode"},"sceneLighting":false,"audioPlay":false,"sceneViewState":{"showFog":true,"showMaterialUpdate":false,"showSkybox":false,"showFlares":true,"showImageEffects":true,"showParticleSystems":true},"in2DMode":false,"pivot":{"x":96.0733413696289,"y":52.802391052246097,"z":6.5947980880737309},"rotation":{"x":-0.17842762172222138,"y":0.22190596163272859,"z":0.04134197160601616,"w":0.9577377438545227},"size":0.8660253882408142,"orthographic":false}