{"cameraMode":{"drawMode":0,"name":"Shaded","section":"Shading Mode"},"sceneLighting":true,"audioPlay":false,"sceneViewState":{"showFog":true,"showMaterialUpdate":false,"showSkybox":true,"showFlares":true,"showImageEffects":true,"showParticleSystems":true},"in2DMode":false,"pivot":{"x":-152.36404418945313,"y":309.6806945800781,"z":2477.17822265625},"rotation":{"x":-0.007810172624886036,"y":-0.0005887771840207279,"z":0.00004346393689047545,"w":-0.9999994039535523},"size":1649.7042236328125,"orthographic":false}