{"cameraMode":{"drawMode":0,"name":"Shaded","section":"Shading Mode"},"sceneLighting":true,"audioPlay":false,"sceneViewState":{"showFog":true,"showMaterialUpdate":false,"showSkybox":true,"showFlares":true,"showImageEffects":true,"showParticleSystems":true},"in2DMode":false,"pivot":{"x":1052.3983154296875,"y":310.44696044921877,"z":5499.341796875},"rotation":{"x":-0.004185073543339968,"y":0.05427955463528633,"z":0.00023242735187523067,"w":0.9985693693161011},"size":2696.9013671875,"orthographic":false}