{"cameraMode":{"drawMode":0,"name":"Shaded","section":"Shading Mode"},"sceneLighting":true,"audioPlay":false,"sceneViewState":{"showFog":true,"showMaterialUpdate":false,"showSkybox":true,"showFlares":true,"showImageEffects":true,"showParticleSystems":true},"in2DMode":false,"pivot":{"x":7.5386810302734379,"y":-139.06243896484376,"z":-188.43115234375},"rotation":{"x":0.05452713742852211,"y":0.939150869846344,"z":-0.28928884863853457,"w":0.1770174503326416},"size":462.67230224609377,"orthographic":false}