{"cameraMode":{"drawMode":0,"name":"Shaded","section":"Shading Mode"},"sceneLighting":true,"audioPlay":false,"sceneViewState":{"showFog":true,"showMaterialUpdate":false,"showSkybox":true,"showFlares":true,"showImageEffects":true,"showParticleSystems":true},"in2DMode":false,"pivot":{"x":0.9862122535705566,"y":4.442223072052002,"z":0.3032417297363281},"rotation":{"x":0.1435377448797226,"y":0.06143735721707344,"z":-0.00920497253537178,"w":0.9878486394882202},"size":9.275585174560547,"orthographic":false}