{"cameraMode":{"drawMode":0,"name":"Shaded","section":"Shading Mode"},"sceneLighting":true,"audioPlay":false,"sceneViewState":{"showFog":true,"showMaterialUpdate":false,"showSkybox":true,"showFlares":true,"showImageEffects":true,"showParticleSystems":true},"in2DMode":false,"pivot":{"x":-25.723602294921876,"y":55.21672058105469,"z":-222.23648071289063},"rotation":{"x":0.22067320346832276,"y":0.7678878307342529,"z":-0.34324511885643008,"w":0.49388760328292849},"size":633.520263671875,"orthographic":false}