{"cameraMode":{"drawMode":0,"name":"Shaded","section":"Shading Mode"},"sceneLighting":true,"audioPlay":false,"sceneViewState":{"showFog":true,"showMaterialUpdate":false,"showSkybox":true,"showFlares":true,"showImageEffects":true,"showParticleSystems":true},"in2DMode":false,"pivot":{"x":345.88275146484377,"y":370.0726318359375,"z":-36.586181640625},"rotation":{"x":0.1718476563692093,"y":-0.0392310731112957,"z":0.006503512617200613,"w":0.984431803226471},"size":228.25144958496095,"orthographic":false}