{"cameraMode":{"drawMode":0,"name":"Shaded","section":"Shading Mode"},"sceneLighting":true,"audioPlay":false,"sceneViewState":{"showFog":true,"showMaterialUpdate":false,"showSkybox":true,"showFlares":true,"showImageEffects":true,"showParticleSystems":true},"in2DMode":false,"pivot":{"x":170.80653381347657,"y":448.88702392578127,"z":-22.11572265625},"rotation":{"x":0.1718476563692093,"y":-0.0392310731112957,"z":0.006503512617200613,"w":0.984431803226471},"size":134.5916290283203,"orthographic":false}